"Raw Data File","tracer molecule","labelled positions","abundance","Parameter Value[injection]","Parameter Value[Replicate]","Factor Value[Incubation time]","Metabolite name","CHEBI identifier","atomic positions to the parent molecule/metabolite name","Empirical formula derivatized molecule/fragment","m/z monitored","signal intensity","isotopologue","isotologue abundance relative concentration"
"RibHyp1_01.CDF","Glucose","1,1,0,0,0,0","48","1","1","40","D-Ribose","CHEBI:16988","C1-C5","C11H14O6N","255",524,"",NA
"RibHyp1_01.CDF","Glucose","1,1,0,0,0,0","48","1","1","40","D-Ribose","CHEBI:16988","C1-C5","C11H14O6N","256",268880,"Rib_13C0",82.651
"RibHyp1_01.CDF","Glucose","1,1,0,0,0,0","48","1","1","40","D-Ribose","CHEBI:16988","C1-C5","C11H14O6N","257",51823,"Rib_13C1",5.907
"RibHyp1_01.CDF","Glucose","1,1,0,0,0,0","48","1","1","40","D-Ribose","CHEBI:16988","C1-C5","C11H14O6N","258",37490,"Rib_13C2",8.533
"RibHyp1_01.CDF","Glucose","1,1,0,0,0,0","48","1","1","40","D-Ribose","CHEBI:16988","C1-C5","C11H14O6N","259",7381,"Rib_13C3",1.087
"RibHyp1_01.CDF","Glucose","1,1,0,0,0,0","48","1","1","40","D-Ribose","CHEBI:16988","C1-C5","C11H14O6N","260",7234,"Rib_13C4",1.779
"RibHyp1_01.CDF","Glucose","1,1,0,0,0,0","48","1","1","40","D-Ribose","CHEBI:16988","C1-C5","C11H14O6N","261",771,"Rib_13C5",0.043
"RibHyp1_01.CDF","Glucose","1,1,0,0,0,0","48","1","1","40","D-Ribose","CHEBI:16988","C1-C5","C11H14O6N","262",206,"",NA
"RibHyp1_02.CDF","Glucose","1,1,0,0,0,0","48","2","1","40","D-Ribose","CHEBI:16988","C1-C5","C11H14O6N","255",932,"",NA
"RibHyp1_02.CDF","Glucose","1,1,0,0,0,0","48","2","1","40","D-Ribose","CHEBI:16988","C1-C5","C11H14O6N","256",1179902,"Rib_13C0",82.872
"RibHyp1_02.CDF","Glucose","1,1,0,0,0,0","48","2","1","40","D-Ribose","CHEBI:16988","C1-C5","C11H14O6N","257",226332,"Rib_13C1",5.849
"RibHyp1_02.CDF","Glucose","1,1,0,0,0,0","48","2","1","40","D-Ribose","CHEBI:16988","C1-C5","C11H14O6N","258",163847,"Rib_13C2",8.523
"RibHyp1_02.CDF","Glucose","1,1,0,0,0,0","48","2","1","40","D-Ribose","CHEBI:16988","C1-C5","C11H14O6N","259",31919,"Rib_13C3",1.063
"RibHyp1_02.CDF","Glucose","1,1,0,0,0,0","48","2","1","40","D-Ribose","CHEBI:16988","C1-C5","C11H14O6N","260",30137,"Rib_13C4",1.681
"RibHyp1_02.CDF","Glucose","1,1,0,0,0,0","48","2","1","40","D-Ribose","CHEBI:16988","C1-C5","C11H14O6N","261",2751,"Rib_13C5",0.012
"RibHyp1_02.CDF","Glucose","1,1,0,0,0,0","48","2","1","40","D-Ribose","CHEBI:16988","C1-C5","C11H14O6N","262",873,"",NA
"RibHyp1_03.CDF","Glucose","1,1,0,0,0,0","48","3","1","40","D-Ribose","CHEBI:16988","C1-C5","C11H14O6N","255",971,"",NA
"RibHyp1_03.CDF","Glucose","1,1,0,0,0,0","48","3","1","40","D-Ribose","CHEBI:16988","C1-C5","C11H14O6N","256",1069286,"Rib_13C0",83.191
"RibHyp1_03.CDF","Glucose","1,1,0,0,0,0","48","3","1","40","D-Ribose","CHEBI:16988","C1-C5","C11H14O6N","257",203649,"Rib_13C1",5.76
"RibHyp1_03.CDF","Glucose","1,1,0,0,0,0","48","3","1","40","D-Ribose","CHEBI:16988","C1-C5","C11H14O6N","258",144834,"Rib_13C2",8.3
"RibHyp1_03.CDF","Glucose","1,1,0,0,0,0","48","3","1","40","D-Ribose","CHEBI:16988","C1-C5","C11H14O6N","259",29001,"Rib_13C3",1.099
"RibHyp1_03.CDF","Glucose","1,1,0,0,0,0","48","3","1","40","D-Ribose","CHEBI:16988","C1-C5","C11H14O6N","260",26841,"Rib_13C4",1.653
"RibHyp1_03.CDF","Glucose","1,1,0,0,0,0","48","3","1","40","D-Ribose","CHEBI:16988","C1-C5","C11H14O6N","261",2229,"Rib_13C5",-0.003
"RibHyp1_03.CDF","Glucose","1,1,0,0,0,0","48","3","1","40","D-Ribose","CHEBI:16988","C1-C5","C11H14O6N","262",575,"",NA
"RibHyp2_01.CDF","Glucose","1,1,0,0,0,0","48","1","2","40","D-Ribose","CHEBI:16988","C1-C5","C11H14O6N","255",1110,"",NA
"RibHyp2_01.CDF","Glucose","1,1,0,0,0,0","48","1","2","40","D-Ribose","CHEBI:16988","C1-C5","C11H14O6N","256",884720,"Rib_13C0",85.496
"RibHyp2_01.CDF","Glucose","1,1,0,0,0,0","48","1","2","40","D-Ribose","CHEBI:16988","C1-C5","C11H14O6N","257",158921,"Rib_13C1",5.016
"RibHyp2_01.CDF","Glucose","1,1,0,0,0,0","48","1","2","40","D-Ribose","CHEBI:16988","C1-C5","C11H14O6N","258",102387,"Rib_13C2",7.049
"RibHyp2_01.CDF","Glucose","1,1,0,0,0,0","48","1","2","40","D-Ribose","CHEBI:16988","C1-C5","C11H14O6N","259",20957,"Rib_13C3",1.008
"RibHyp2_01.CDF","Glucose","1,1,0,0,0,0","48","1","2","40","D-Ribose","CHEBI:16988","C1-C5","C11H14O6N","260",18820,"Rib_13C4",1.414
"RibHyp2_01.CDF","Glucose","1,1,0,0,0,0","48","1","2","40","D-Ribose","CHEBI:16988","C1-C5","C11H14O6N","261",1831,"Rib_13C5",0.018
"RibHyp2_01.CDF","Glucose","1,1,0,0,0,0","48","1","2","40","D-Ribose","CHEBI:16988","C1-C5","C11H14O6N","262",409,"",NA
"RibHyp2_02.CDF","Glucose","1,1,0,0,0,0","48","2","2","40","D-Ribose","CHEBI:16988","C1-C5","C11H14O6N","255",1074,"",NA
"RibHyp2_02.CDF","Glucose","1,1,0,0,0,0","48","2","2","40","D-Ribose","CHEBI:16988","C1-C5","C11H14O6N","256",1314620,"Rib_13C0",85.727
"RibHyp2_02.CDF","Glucose","1,1,0,0,0,0","48","2","2","40","D-Ribose","CHEBI:16988","C1-C5","C11H14O6N","257",231912,"Rib_13C1",4.761
"RibHyp2_02.CDF","Glucose","1,1,0,0,0,0","48","2","2","40","D-Ribose","CHEBI:16988","C1-C5","C11H14O6N","258",153365,"Rib_13C2",7.178
"RibHyp2_02.CDF","Glucose","1,1,0,0,0,0","48","2","2","40","D-Ribose","CHEBI:16988","C1-C5","C11H14O6N","259",30596,"Rib_13C3",0.968
"RibHyp2_02.CDF","Glucose","1,1,0,0,0,0","48","2","2","40","D-Ribose","CHEBI:16988","C1-C5","C11H14O6N","260",26741,"Rib_13C4",1.346
"RibHyp2_02.CDF","Glucose","1,1,0,0,0,0","48","2","2","40","D-Ribose","CHEBI:16988","C1-C5","C11H14O6N","261",2661,"Rib_13C5",0.02
"RibHyp2_02.CDF","Glucose","1,1,0,0,0,0","48","2","2","40","D-Ribose","CHEBI:16988","C1-C5","C11H14O6N","262",622,"",NA
"RibHyp2_03.CDF","Glucose","1,1,0,0,0,0","48","3","2","40","D-Ribose","CHEBI:16988","C1-C5","C11H14O6N","255",896,"",NA
"RibHyp2_03.CDF","Glucose","1,1,0,0,0,0","48","3","2","40","D-Ribose","CHEBI:16988","C1-C5","C11H14O6N","256",1208501,"Rib_13C0",85.68
"RibHyp2_03.CDF","Glucose","1,1,0,0,0,0","48","3","2","40","D-Ribose","CHEBI:16988","C1-C5","C11H14O6N","257",216171,"Rib_13C1",4.964
"RibHyp2_03.CDF","Glucose","1,1,0,0,0,0","48","3","2","40","D-Ribose","CHEBI:16988","C1-C5","C11H14O6N","258",139574,"Rib_13C2",7.055
"RibHyp2_03.CDF","Glucose","1,1,0,0,0,0","48","3","2","40","D-Ribose","CHEBI:16988","C1-C5","C11H14O6N","259",27329,"Rib_13C3",0.924
"RibHyp2_03.CDF","Glucose","1,1,0,0,0,0","48","3","2","40","D-Ribose","CHEBI:16988","C1-C5","C11H14O6N","260",24551,"Rib_13C4",1.348
"RibHyp2_03.CDF","Glucose","1,1,0,0,0,0","48","3","2","40","D-Ribose","CHEBI:16988","C1-C5","C11H14O6N","261",2598,"Rib_13C5",0.029
"RibHyp2_03.CDF","Glucose","1,1,0,0,0,0","48","3","2","40","D-Ribose","CHEBI:16988","C1-C5","C11H14O6N","262",696,"",NA
"RibHyp3_01.CDF","Glucose","1,1,0,0,0,0","48","1","3","40","D-Ribose","CHEBI:16988","C1-C5","C11H14O6N","255",566,"",NA
"RibHyp3_01.CDF","Glucose","1,1,0,0,0,0","48","1","3","40","D-Ribose","CHEBI:16988","C1-C5","C11H14O6N","256",413236,"Rib_13C0",85.631
"RibHyp3_01.CDF","Glucose","1,1,0,0,0,0","48","1","3","40","D-Ribose","CHEBI:16988","C1-C5","C11H14O6N","257",73551,"Rib_13C1",4.887
"RibHyp3_01.CDF","Glucose","1,1,0,0,0,0","48","1","3","40","D-Ribose","CHEBI:16988","C1-C5","C11H14O6N","258",47638,"Rib_13C2",7.04
"RibHyp3_01.CDF","Glucose","1,1,0,0,0,0","48","1","3","40","D-Ribose","CHEBI:16988","C1-C5","C11H14O6N","259",10322,"Rib_13C3",1.118
"RibHyp3_01.CDF","Glucose","1,1,0,0,0,0","48","1","3","40","D-Ribose","CHEBI:16988","C1-C5","C11H14O6N","260",8394,"Rib_13C4",1.33
"RibHyp3_01.CDF","Glucose","1,1,0,0,0,0","48","1","3","40","D-Ribose","CHEBI:16988","C1-C5","C11H14O6N","261",691,"Rib_13C5",-0.006
"RibHyp3_01.CDF","Glucose","1,1,0,0,0,0","48","1","3","40","D-Ribose","CHEBI:16988","C1-C5","C11H14O6N","262",136,"",NA
"RibHyp3_02.CDF","Glucose","1,1,0,0,0,0","48","2","3","40","D-Ribose","CHEBI:16988","C1-C5","C11H14O6N","255",770,"",NA
"RibHyp3_02.CDF","Glucose","1,1,0,0,0,0","48","2","3","40","D-Ribose","CHEBI:16988","C1-C5","C11H14O6N","256",616545,"Rib_13C0",85.482
"RibHyp3_02.CDF","Glucose","1,1,0,0,0,0","48","2","3","40","D-Ribose","CHEBI:16988","C1-C5","C11H14O6N","257",109939,"Rib_13C1",4.906
"RibHyp3_02.CDF","Glucose","1,1,0,0,0,0","48","2","3","40","D-Ribose","CHEBI:16988","C1-C5","C11H14O6N","258",72656,"Rib_13C2",7.234
"RibHyp3_02.CDF","Glucose","1,1,0,0,0,0","48","2","3","40","D-Ribose","CHEBI:16988","C1-C5","C11H14O6N","259",14300,"Rib_13C3",0.95
"RibHyp3_02.CDF","Glucose","1,1,0,0,0,0","48","2","3","40","D-Ribose","CHEBI:16988","C1-C5","C11H14O6N","260",13146,"Rib_13C4",1.422
"RibHyp3_02.CDF","Glucose","1,1,0,0,0,0","48","2","3","40","D-Ribose","CHEBI:16988","C1-C5","C11H14O6N","261",1191,"Rib_13C5",0.007
"RibHyp3_02.CDF","Glucose","1,1,0,0,0,0","48","2","3","40","D-Ribose","CHEBI:16988","C1-C5","C11H14O6N","262",362,"",NA
"RibHyp3_03.CDF","Glucose","1,1,0,0,0,0","48","3","3","40","D-Ribose","CHEBI:16988","C1-C5","C11H14O6N","255",721,"",NA
"RibHyp3_03.CDF","Glucose","1,1,0,0,0,0","48","3","3","40","D-Ribose","CHEBI:16988","C1-C5","C11H14O6N","256",771861,"Rib_13C0",85.555
"RibHyp3_03.CDF","Glucose","1,1,0,0,0,0","48","3","3","40","D-Ribose","CHEBI:16988","C1-C5","C11H14O6N","257",136381,"Rib_13C1",4.775
"RibHyp3_03.CDF","Glucose","1,1,0,0,0,0","48","3","3","40","D-Ribose","CHEBI:16988","C1-C5","C11H14O6N","258",91122,"Rib_13C2",7.273
"RibHyp3_03.CDF","Glucose","1,1,0,0,0,0","48","3","3","40","D-Ribose","CHEBI:16988","C1-C5","C11H14O6N","259",18142,"Rib_13C3",0.973
"RibHyp3_03.CDF","Glucose","1,1,0,0,0,0","48","3","3","40","D-Ribose","CHEBI:16988","C1-C5","C11H14O6N","260",16176,"Rib_13C4",1.392
"RibHyp3_03.CDF","Glucose","1,1,0,0,0,0","48","3","3","40","D-Ribose","CHEBI:16988","C1-C5","C11H14O6N","261",1733,"Rib_13C5",0.033
"RibHyp3_03.CDF","Glucose","1,1,0,0,0,0","48","3","3","40","D-Ribose","CHEBI:16988","C1-C5","C11H14O6N","262",537,"",NA
"RibNat1_01.CDF","","","","1","1","","D-Ribose","CHEBI:16988","C1-C5","C11H14O6N","255",3137,"",NA
"RibNat1_01.CDF","","","","1","1","","D-Ribose","CHEBI:16988","C1-C5","C11H14O6N","256",714380,"Rib_13C0",100.016
"RibNat1_01.CDF","","","","1","1","","D-Ribose","CHEBI:16988","C1-C5","C11H14O6N","257",85346,"Rib_13C1",-0.021
"RibNat1_01.CDF","","","","1","1","","D-Ribose","CHEBI:16988","C1-C5","C11H14O6N","258",14865,"Rib_13C2",-0.01
"RibNat1_01.CDF","","","","1","1","","D-Ribose","CHEBI:16988","C1-C5","C11H14O6N","259",1523,"Rib_13C3",0.008
"RibNat1_01.CDF","","","","1","1","","D-Ribose","CHEBI:16988","C1-C5","C11H14O6N","260",1267,"Rib_13C4",-0.009
"RibNat1_01.CDF","","","","1","1","","D-Ribose","CHEBI:16988","C1-C5","C11H14O6N","261",363,"Rib_13C5",0.015
"RibNat1_01.CDF","","","","1","1","","D-Ribose","CHEBI:16988","C1-C5","C11H14O6N","262",395,"",NA
"RibNat1_02.CDF","","","","2","1","","D-Ribose","CHEBI:16988","C1-C5","C11H14O6N","255",3031,"",NA
"RibNat1_02.CDF","","","","2","1","","D-Ribose","CHEBI:16988","C1-C5","C11H14O6N","256",669201,"Rib_13C0",99.766
"RibNat1_02.CDF","","","","2","1","","D-Ribose","CHEBI:16988","C1-C5","C11H14O6N","257",81441,"Rib_13C1",0.197
"RibNat1_02.CDF","","","","2","1","","D-Ribose","CHEBI:16988","C1-C5","C11H14O6N","258",14566,"Rib_13C2",0.055
"RibNat1_02.CDF","","","","2","1","","D-Ribose","CHEBI:16988","C1-C5","C11H14O6N","259",1093,"Rib_13C3",-0.047
"RibNat1_02.CDF","","","","2","1","","D-Ribose","CHEBI:16988","C1-C5","C11H14O6N","260",1349,"Rib_13C4",0.018
"RibNat1_02.CDF","","","","2","1","","D-Ribose","CHEBI:16988","C1-C5","C11H14O6N","261",325,"Rib_13C5",0.011
"RibNat1_02.CDF","","","","2","1","","D-Ribose","CHEBI:16988","C1-C5","C11H14O6N","262",198,"",NA
"RibNat1_03.CDF","","","","3","1","","D-Ribose","CHEBI:16988","C1-C5","C11H14O6N","255",3176,"",NA
"RibNat1_03.CDF","","","","3","1","","D-Ribose","CHEBI:16988","C1-C5","C11H14O6N","256",975103,"Rib_13C0",100.149
"RibNat1_03.CDF","","","","3","1","","D-Ribose","CHEBI:16988","C1-C5","C11H14O6N","257",115502,"Rib_13C1",-0.121
"RibNat1_03.CDF","","","","3","1","","D-Ribose","CHEBI:16988","C1-C5","C11H14O6N","258",19955,"Rib_13C2",-0.03
"RibNat1_03.CDF","","","","3","1","","D-Ribose","CHEBI:16988","C1-C5","C11H14O6N","259",2233,"Rib_13C3",0.026
"RibNat1_03.CDF","","","","3","1","","D-Ribose","CHEBI:16988","C1-C5","C11H14O6N","260",1767,"Rib_13C4",-0.006
"RibNat1_03.CDF","","","","3","1","","D-Ribose","CHEBI:16988","C1-C5","C11H14O6N","261",133,"Rib_13C5",-0.018
"RibNat1_03.CDF","","","","3","1","","D-Ribose","CHEBI:16988","C1-C5","C11H14O6N","262",237,"",0
"GlycHyp1_01.CDF","Glucose","1,1,0,0,0,0","48","1","1","40","Glycogen","CHEBI:28087","C1-C6","C14H18O8N","327",2196,"",NA
"GlycHyp1_01.CDF","Glucose","1,1,0,0,0,0","48","1","1","40","Glycogen","CHEBI:28087","C1-C6","C14H18O8N","328",2446098,"Glyc_13C0",65.379
"GlycHyp1_01.CDF","Glucose","1,1,0,0,0,0","48","1","1","40","Glycogen","CHEBI:28087","C1-C6","C14H18O8N","329",399396,"Glyc_13C1",0.025
"GlycHyp1_01.CDF","Glucose","1,1,0,0,0,0","48","1","1","40","Glycogen","CHEBI:28087","C1-C6","C14H18O8N","330",1422059,"Glyc_13C2",33.141
"GlycHyp1_01.CDF","Glucose","1,1,0,0,0,0","48","1","1","40","Glycogen","CHEBI:28087","C1-C6","C14H18O8N","331",196738,"Glyc_13C3",0.168
"GlycHyp1_01.CDF","Glucose","1,1,0,0,0,0","48","1","1","40","Glycogen","CHEBI:28087","C1-C6","C14H18O8N","332",59646,"Glyc_13C4",1.102
"GlycHyp1_01.CDF","Glucose","1,1,0,0,0,0","48","1","1","40","Glycogen","CHEBI:28087","C1-C6","C14H18O8N","333",7591,"Glyc_13C5",0.034
"GlycHyp1_01.CDF","Glucose","1,1,0,0,0,0","48","1","1","40","Glycogen","CHEBI:28087","C1-C6","C14H18O8N","334",7395,"Glyc_13C6",0.152
"GlycHyp1_01.CDF","Glucose","1,1,0,0,0,0","48","1","1","40","Glycogen","CHEBI:28087","C1-C6","C14H18O8N","335",127,"",NA
"GlycHyp1_02.CDF","Glucose","1,1,0,0,0,0","48","2","1","40","Glycogen","CHEBI:28087","C1-C6","C14H18O8N","327",1620,"",NA
"GlycHyp1_02.CDF","Glucose","1,1,0,0,0,0","48","2","1","40","Glycogen","CHEBI:28087","C1-C6","C14H18O8N","328",1769847,"Glyc_13C0",65.337
"GlycHyp1_02.CDF","Glucose","1,1,0,0,0,0","48","2","1","40","Glycogen","CHEBI:28087","C1-C6","C14H18O8N","329",293369,"Glyc_13C1",0.179
"GlycHyp1_02.CDF","Glucose","1,1,0,0,0,0","48","2","1","40","Glycogen","CHEBI:28087","C1-C6","C14H18O8N","330",1027502,"Glyc_13C2",33.047
"GlycHyp1_02.CDF","Glucose","1,1,0,0,0,0","48","2","1","40","Glycogen","CHEBI:28087","C1-C6","C14H18O8N","331",142206,"Glyc_13C3",0.171
"GlycHyp1_02.CDF","Glucose","1,1,0,0,0,0","48","2","1","40","Glycogen","CHEBI:28087","C1-C6","C14H18O8N","332",42838,"Glyc_13C4",1.09
"GlycHyp1_02.CDF","Glucose","1,1,0,0,0,0","48","2","1","40","Glycogen","CHEBI:28087","C1-C6","C14H18O8N","333",5202,"Glyc_13C5",0.025
"GlycHyp1_02.CDF","Glucose","1,1,0,0,0,0","48","2","1","40","Glycogen","CHEBI:28087","C1-C6","C14H18O8N","334",5315,"Glyc_13C6",0.151
"GlycHyp1_03.CDF","Glucose","1,1,0,0,0,0","48","3","1","40","Glycogen","CHEBI:28087","C1-C6","C14H18O8N","327",1843,"",NA
"GlycHyp1_03.CDF","Glucose","1,1,0,0,0,0","48","3","1","40","Glycogen","CHEBI:28087","C1-C6","C14H18O8N","328",1911157,"Glyc_13C0",65.562
"GlycHyp1_03.CDF","Glucose","1,1,0,0,0,0","48","3","1","40","Glycogen","CHEBI:28087","C1-C6","C14H18O8N","329",313581,"Glyc_13C1",0.076
"GlycHyp1_03.CDF","Glucose","1,1,0,0,0,0","48","3","1","40","Glycogen","CHEBI:28087","C1-C6","C14H18O8N","330",1101163,"Glyc_13C2",32.916
"GlycHyp1_03.CDF","Glucose","1,1,0,0,0,0","48","3","1","40","Glycogen","CHEBI:28087","C1-C6","C14H18O8N","331",154077,"Glyc_13C3",0.223
"GlycHyp1_03.CDF","Glucose","1,1,0,0,0,0","48","3","1","40","Glycogen","CHEBI:28087","C1-C6","C14H18O8N","332",45115,"Glyc_13C4",1.054
"GlycHyp1_03.CDF","Glucose","1,1,0,0,0,0","48","3","1","40","Glycogen","CHEBI:28087","C1-C6","C14H18O8N","333",5435,"Glyc_13C5",0.024
"GlycHyp1_03.CDF","Glucose","1,1,0,0,0,0","48","3","1","40","Glycogen","CHEBI:28087","C1-C6","C14H18O8N","334",5482,"Glyc_13C6",0.145
"GlycHyp2_01.CDF","Glucose","1,1,0,0,0,0","48","1","2","40","Glycogen","CHEBI:28087","C1-C6","C14H18O8N","327",2513,"",NA
"GlycHyp2_01.CDF","Glucose","1,1,0,0,0,0","48","1","2","40","Glycogen","CHEBI:28087","C1-C6","C14H18O8N","328",3363647,"Glyc_13C0",63.19
"GlycHyp2_01.CDF","Glucose","1,1,0,0,0,0","48","1","2","40","Glycogen","CHEBI:28087","C1-C6","C14H18O8N","329",550138,"Glyc_13C1",0.023
"GlycHyp2_01.CDF","Glucose","1,1,0,0,0,0","48","1","2","40","Glycogen","CHEBI:28087","C1-C6","C14H18O8N","330",2156304,"Glyc_13C2",35.468
"GlycHyp2_01.CDF","Glucose","1,1,0,0,0,0","48","1","2","40","Glycogen","CHEBI:28087","C1-C6","C14H18O8N","331",296382,"Glyc_13C3",0.143
"GlycHyp2_01.CDF","Glucose","1,1,0,0,0,0","48","1","2","40","Glycogen","CHEBI:28087","C1-C6","C14H18O8N","332",81887,"Glyc_13C4",1.033
"GlycHyp2_01.CDF","Glucose","1,1,0,0,0,0","48","1","2","40","Glycogen","CHEBI:28087","C1-C6","C14H18O8N","333",9870,"Glyc_13C5",0.025
"GlycHyp2_01.CDF","Glucose","1,1,0,0,0,0","48","1","2","40","Glycogen","CHEBI:28087","C1-C6","C14H18O8N","334",8296,"Glyc_13C6",0.118
"GlycHyp2_02.CDF","Glucose","1,1,0,0,0,0","48","2","2","40","Glycogen","CHEBI:28087","C1-C6","C14H18O8N","327",4438,"",NA
"GlycHyp2_02.CDF","Glucose","1,1,0,0,0,0","48","2","2","40","Glycogen","CHEBI:28087","C1-C6","C14H18O8N","328",6759189,"Glyc_13C0",63.469
"GlycHyp2_02.CDF","Glucose","1,1,0,0,0,0","48","2","2","40","Glycogen","CHEBI:28087","C1-C6","C14H18O8N","329",1087145,"Glyc_13C1",-0.139
"GlycHyp2_02.CDF","Glucose","1,1,0,0,0,0","48","2","2","40","Glycogen","CHEBI:28087","C1-C6","C14H18O8N","330",4307168,"Glyc_13C2",35.435
"GlycHyp2_02.CDF","Glucose","1,1,0,0,0,0","48","2","2","40","Glycogen","CHEBI:28087","C1-C6","C14H18O8N","331",584913,"Glyc_13C3",0.08
"GlycHyp2_02.CDF","Glucose","1,1,0,0,0,0","48","2","2","40","Glycogen","CHEBI:28087","C1-C6","C14H18O8N","332",160139,"Glyc_13C4",1.009
"GlycHyp2_02.CDF","Glucose","1,1,0,0,0,0","48","2","2","40","Glycogen","CHEBI:28087","C1-C6","C14H18O8N","333",19652,"Glyc_13C5",0.027
"GlycHyp2_02.CDF","Glucose","1,1,0,0,0,0","48","2","2","40","Glycogen","CHEBI:28087","C1-C6","C14H18O8N","334",16704,"Glyc_13C6",0.119
"GlycHyp2_03.CDF","Glucose","1,1,0,0,0,0","48","3","2","40","Glycogen","CHEBI:28087","C1-C6","C14H18O8N","327",3714,"",NA
"GlycHyp2_03.CDF","Glucose","1,1,0,0,0,0","48","3","2","40","Glycogen","CHEBI:28087","C1-C6","C14H18O8N","328",4562771,"Glyc_13C0",63.306
"GlycHyp2_03.CDF","Glucose","1,1,0,0,0,0","48","3","2","40","Glycogen","CHEBI:28087","C1-C6","C14H18O8N","329",741265,"Glyc_13C1",-0.042
"GlycHyp2_03.CDF","Glucose","1,1,0,0,0,0","48","3","2","40","Glycogen","CHEBI:28087","C1-C6","C14H18O8N","330",2919742,"Glyc_13C2",35.48
"GlycHyp2_03.CDF","Glucose","1,1,0,0,0,0","48","3","2","40","Glycogen","CHEBI:28087","C1-C6","C14H18O8N","331",397099,"Glyc_13C3",0.089
"GlycHyp2_03.CDF","Glucose","1,1,0,0,0,0","48","3","2","40","Glycogen","CHEBI:28087","C1-C6","C14H18O8N","332",109987,"Glyc_13C4",1.028
"GlycHyp2_03.CDF","Glucose","1,1,0,0,0,0","48","3","2","40","Glycogen","CHEBI:28087","C1-C6","C14H18O8N","333",12962,"Glyc_13C5",0.02
"GlycHyp2_03.CDF","Glucose","1,1,0,0,0,0","48","3","2","40","Glycogen","CHEBI:28087","C1-C6","C14H18O8N","334",11290,"Glyc_13C6",0.119
"GlycHyp3_01.CDF","Glucose","1,1,0,0,0,0","48","1","3","40","Glycogen","CHEBI:28087","C1-C6","C14H18O8N","327",3970,"",NA
"GlycHyp3_01.CDF","Glucose","1,1,0,0,0,0","48","1","3","40","Glycogen","CHEBI:28087","C1-C6","C14H18O8N","328",5564173,"Glyc_13C0",64.194
"GlycHyp3_01.CDF","Glucose","1,1,0,0,0,0","48","1","3","40","Glycogen","CHEBI:28087","C1-C6","C14H18O8N","329",907901,"Glyc_13C1",0.008
"GlycHyp3_01.CDF","Glucose","1,1,0,0,0,0","48","1","3","40","Glycogen","CHEBI:28087","C1-C6","C14H18O8N","330",3409599,"Glyc_13C2",34.381
"GlycHyp3_01.CDF","Glucose","1,1,0,0,0,0","48","1","3","40","Glycogen","CHEBI:28087","C1-C6","C14H18O8N","331",468160,"Glyc_13C3",0.135
"GlycHyp3_01.CDF","Glucose","1,1,0,0,0,0","48","1","3","40","Glycogen","CHEBI:28087","C1-C6","C14H18O8N","332",140652,"Glyc_13C4",1.121
"GlycHyp3_01.CDF","Glucose","1,1,0,0,0,0","48","1","3","40","Glycogen","CHEBI:28087","C1-C6","C14H18O8N","333",17388,"Glyc_13C5",0.029
"GlycHyp3_01.CDF","Glucose","1,1,0,0,0,0","48","1","3","40","Glycogen","CHEBI:28087","C1-C6","C14H18O8N","334",15014,"Glyc_13C6",0.132
"GlycHyp3_02.CDF","Glucose","1,1,0,0,0,0","48","2","3","40","Glycogen","CHEBI:28087","C1-C6","C14H18O8N","327",3618,"",NA
"GlycHyp3_02.CDF","Glucose","1,1,0,0,0,0","48","2","3","40","Glycogen","CHEBI:28087","C1-C6","C14H18O8N","328",6209370,"Glyc_13C0",64.138
"GlycHyp3_02.CDF","Glucose","1,1,0,0,0,0","48","2","3","40","Glycogen","CHEBI:28087","C1-C6","C14H18O8N","329",1011002,"Glyc_13C1",-0.014
"GlycHyp3_02.CDF","Glucose","1,1,0,0,0,0","48","2","3","40","Glycogen","CHEBI:28087","C1-C6","C14H18O8N","330",3814652,"Glyc_13C2",34.445
"GlycHyp3_02.CDF","Glucose","1,1,0,0,0,0","48","2","3","40","Glycogen","CHEBI:28087","C1-C6","C14H18O8N","331",524055,"Glyc_13C3",0.137
"GlycHyp3_02.CDF","Glucose","1,1,0,0,0,0","48","2","3","40","Glycogen","CHEBI:28087","C1-C6","C14H18O8N","332",158819,"Glyc_13C4",1.136
"GlycHyp3_02.CDF","Glucose","1,1,0,0,0,0","48","2","3","40","Glycogen","CHEBI:28087","C1-C6","C14H18O8N","333",19339,"Glyc_13C5",0.027
"GlycHyp3_02.CDF","Glucose","1,1,0,0,0,0","48","2","3","40","Glycogen","CHEBI:28087","C1-C6","C14H18O8N","334",16576,"Glyc_13C6",0.13
"GlycHyp3_03.CDF","Glucose","1,1,0,0,0,0","48","3","3","40","Glycogen","CHEBI:28087","C1-C6","C14H18O8N","327",876,"",NA
"GlycHyp3_03.CDF","Glucose","1,1,0,0,0,0","48","3","3","40","Glycogen","CHEBI:28087","C1-C6","C14H18O8N","328",1001508,"Glyc_13C0",63.948
"GlycHyp3_03.CDF","Glucose","1,1,0,0,0,0","48","3","3","40","Glycogen","CHEBI:28087","C1-C6","C14H18O8N","329",167025,"Glyc_13C1",0.226
"GlycHyp3_03.CDF","Glucose","1,1,0,0,0,0","48","3","3","40","Glycogen","CHEBI:28087","C1-C6","C14H18O8N","330",616159,"Glyc_13C2",34.352
"GlycHyp3_03.CDF","Glucose","1,1,0,0,0,0","48","3","3","40","Glycogen","CHEBI:28087","C1-C6","C14H18O8N","331",85239,"Glyc_13C3",0.174
"GlycHyp3_03.CDF","Glucose","1,1,0,0,0,0","48","3","3","40","Glycogen","CHEBI:28087","C1-C6","C14H18O8N","332",25781,"Glyc_13C4",1.138
"GlycHyp3_03.CDF","Glucose","1,1,0,0,0,0","48","3","3","40","Glycogen","CHEBI:28087","C1-C6","C14H18O8N","333",3266,"Glyc_13C5",0.034
"GlycHyp3_03.CDF","Glucose","1,1,0,0,0,0","48","3","3","40","Glycogen","CHEBI:28087","C1-C6","C14H18O8N","334",2657,"Glyc_13C6",0.128
"GlycCom1_01.CDF","","","","1","1","","Glycogen","CHEBI:28087","C1-C6","C14H18O8N","327",775,"",NA
"GlycCom1_01.CDF","","","","1","1","","Glycogen","CHEBI:28087","C1-C6","C14H18O8N","328",169962,"Glyc_13C0",99.939
"GlycCom1_01.CDF","","","","1","1","","Glycogen","CHEBI:28087","C1-C6","C14H18O8N","329",27215,"Glyc_13C1",0.007
"GlycCom1_01.CDF","","","","1","1","","Glycogen","CHEBI:28087","C1-C6","C14H18O8N","330",5465,"Glyc_13C2",0.043
"GlycCom1_01.CDF","","","","1","1","","Glycogen","CHEBI:28087","C1-C6","C14H18O8N","331",681,"Glyc_13C3",0.003
"GlycCom1_01.CDF","","","","1","1","","Glycogen","CHEBI:28087","C1-C6","C14H18O8N","332",159,"Glyc_13C4",0.005
"GlycCom1_01.CDF","","","","1","1","","Glycogen","CHEBI:28087","C1-C6","C14H18O8N","333",43,"Glyc_13C5",0.004
"GlycCom1_01.CDF","","","","1","1","","Glycogen","CHEBI:28087","C1-C6","C14H18O8N","333",7,"Glyc_13C6",0
"GlycCom1_02.CDF","","","","2","1","","Glycogen","CHEBI:28087","C1-C6","C14H18O8N","327",880,"",NA
"GlycCom1_02.CDF","","","","2","1","","Glycogen","CHEBI:28087","C1-C6","C14H18O8N","328",184642,"Glyc_13C0",100.017
"GlycCom1_02.CDF","","","","2","1","","Glycogen","CHEBI:28087","C1-C6","C14H18O8N","329",29566,"Glyc_13C1",0.007
"GlycCom1_02.CDF","","","","2","1","","Glycogen","CHEBI:28087","C1-C6","C14H18O8N","330",5806,"Glyc_13C2",-0.023
"GlycCom1_02.CDF","","","","2","1","","Glycogen","CHEBI:28087","C1-C6","C14H18O8N","331",727,"Glyc_13C3",0.005
"GlycCom1_02.CDF","","","","2","1","","Glycogen","CHEBI:28087","C1-C6","C14H18O8N","332",155,"Glyc_13C4",-0.004
"GlycCom1_02.CDF","","","","2","1","","Glycogen","CHEBI:28087","C1-C6","C14H18O8N","333",32,"Glyc_13C5",-0.003
"GlycCom1_02.CDF","","","","2","1","","Glycogen","CHEBI:28087","C1-C6","C14H18O8N","333",7,"Glyc_13C6",0.001
"GlycCom1_03.CDF","","","","3","1","","Glycogen","CHEBI:28087","C1-C6","C14H18O8N","327",1410,"",NA
"GlycCom1_03.CDF","","","","3","1","","Glycogen","CHEBI:28087","C1-C6","C14H18O8N","328",311944,"Glyc_13C0",100.024
"GlycCom1_03.CDF","","","","3","1","","Glycogen","CHEBI:28087","C1-C6","C14H18O8N","329",49901,"Glyc_13C1",-0.008
"GlycCom1_03.CDF","","","","3","1","","Glycogen","CHEBI:28087","C1-C6","C14H18O8N","330",9846,"Glyc_13C2",-0.01
"GlycCom1_03.CDF","","","","3","1","","Glycogen","CHEBI:28087","C1-C6","C14H18O8N","331",1202,"Glyc_13C3",-0.004
"GlycCom1_03.CDF","","","","3","1","","Glycogen","CHEBI:28087","C1-C6","C14H18O8N","332",271,"Glyc_13C4",0
"GlycCom1_03.CDF","","","","3","1","","Glycogen","CHEBI:28087","C1-C6","C14H18O8N","333",62,"Glyc_13C5",-0.001
"GlycCom1_03.CDF","","","","3","1","","Glycogen","CHEBI:28087","C1-C6","C14H18O8N","333",7,"Glyc_13C6",-0.001
"LacHyp1_01.CDF","Glucose","1,1,0,0,0,0","48","1","1","40","Lactate","CHEBI:24996","C1-C3","C10H13O3NF7","327",2741,"",NA
"LacHyp1_01.CDF","Glucose","1,1,0,0,0,0","48","1","1","40","Lactate","CHEBI:24996","C1-C3","C10H13O3NF7","328",96907,"Lac_13C0",80.968
"LacHyp1_01.CDF","Glucose","1,1,0,0,0,0","48","1","1","40","Lactate","CHEBI:24996","C1-C3","C10H13O3NF7","329",11858,"Lac_13C1",0.342
"LacHyp1_01.CDF","Glucose","1,1,0,0,0,0","48","1","1","40","Lactate","CHEBI:24996","C1-C3","C10H13O3NF7","330",24967,"Lac_13C2",18.702
"LacHyp1_01.CDF","Glucose","1,1,0,0,0,0","48","1","1","40","Lactate","CHEBI:24996","C1-C3","C10H13O3NF7","331",2252,"Lac_13C3",-0.012
"LacHyp1_01.CDF","Glucose","1,1,0,0,0,0","48","1","1","40","Lactate","CHEBI:24996","C1-C3","C10H13O3NF7","332",250,"",NA
"LacHyp1_02.CDF","Glucose","1,1,0,0,0,0","48","2","1","40","Lactate","CHEBI:24996","C1-C3","C10H13O3NF7","327",202879,"",NA
"LacHyp1_02.CDF","Glucose","1,1,0,0,0,0","48","2","1","40","Lactate","CHEBI:24996","C1-C3","C10H13O3NF7","328",7670682,"Lac_13C0",80.997
"LacHyp1_02.CDF","Glucose","1,1,0,0,0,0","48","2","1","40","Lactate","CHEBI:24996","C1-C3","C10H13O3NF7","329",927486,"Lac_13C1",0.226
"LacHyp1_02.CDF","Glucose","1,1,0,0,0,0","48","2","1","40","Lactate","CHEBI:24996","C1-C3","C10H13O3NF7","330",1979804,"Lac_13C2",18.755
"LacHyp1_02.CDF","Glucose","1,1,0,0,0,0","48","2","1","40","Lactate","CHEBI:24996","C1-C3","C10H13O3NF7","331",181833,"Lac_13C3",0.023
"LacHyp1_03.CDF","Glucose","1,1,0,0,0,0","48","3","1","40","Lactate","CHEBI:24996","C1-C3","C10H13O3NF7","327",182821,"",NA
"LacHyp1_03.CDF","Glucose","1,1,0,0,0,0","48","3","1","40","Lactate","CHEBI:24996","C1-C3","C10H13O3NF7","328",6937517,"Lac_13C0",80.949
"LacHyp1_03.CDF","Glucose","1,1,0,0,0,0","48","3","1","40","Lactate","CHEBI:24996","C1-C3","C10H13O3NF7","329",836095,"Lac_13C1",0.191
"LacHyp1_03.CDF","Glucose","1,1,0,0,0,0","48","3","1","40","Lactate","CHEBI:24996","C1-C3","C10H13O3NF7","330",1799598,"Lac_13C2",18.848
"LacHyp1_03.CDF","Glucose","1,1,0,0,0,0","48","3","1","40","Lactate","CHEBI:24996","C1-C3","C10H13O3NF7","331",164267,"Lac_13C3",0.012
"LacHyp2_01.CDF","Glucose","1,1,0,0,0,0","48","1","2","40","Lactate","CHEBI:24996","C1-C3","C10H13O3NF7","327",204750,"",NA
"LacHyp2_01.CDF","Glucose","1,1,0,0,0,0","48","1","2","40","Lactate","CHEBI:24996","C1-C3","C10H13O3NF7","328",7885236,"Lac_13C0",81.146
"LacHyp2_01.CDF","Glucose","1,1,0,0,0,0","48","1","2","40","Lactate","CHEBI:24996","C1-C3","C10H13O3NF7","329",945811,"Lac_13C1",0.152
"LacHyp2_01.CDF","Glucose","1,1,0,0,0,0","48","1","2","40","Lactate","CHEBI:24996","C1-C3","C10H13O3NF7","330",2025378,"Lac_13C2",18.702
"LacHyp2_01.CDF","Glucose","1,1,0,0,0,0","48","1","2","40","Lactate","CHEBI:24996","C1-C3","C10H13O3NF7","331",183732,"Lac_13C3",0.001
"LacHyp2_02.CDF","Glucose","1,1,0,0,0,0","48","2","2","40","Lactate","CHEBI:24996","C1-C3","C10H13O3NF7","327",34865,"",NA
"LacHyp2_02.CDF","Glucose","1,1,0,0,0,0","48","2","2","40","Lactate","CHEBI:24996","C1-C3","C10H13O3NF7","328",1300930,"Lac_13C0",80.721
"LacHyp2_02.CDF","Glucose","1,1,0,0,0,0","48","2","2","40","Lactate","CHEBI:24996","C1-C3","C10H13O3NF7","329",159805,"Lac_13C1",0.371
"LacHyp2_02.CDF","Glucose","1,1,0,0,0,0","48","2","2","40","Lactate","CHEBI:24996","C1-C3","C10H13O3NF7","330",339658,"Lac_13C2",18.907
"LacHyp2_02.CDF","Glucose","1,1,0,0,0,0","48","2","2","40","Lactate","CHEBI:24996","C1-C3","C10H13O3NF7","331",30783,"Lac_13C3",0.001
"LacHyp2_03.CDF","Glucose","1,1,0,0,0,0","48","3","2","40","Lactate","CHEBI:24996","C1-C3","C10H13O3NF7","327",151078,"",NA
"LacHyp2_03.CDF","Glucose","1,1,0,0,0,0","48","3","2","40","Lactate","CHEBI:24996","C1-C3","C10H13O3NF7","328",5658032,"Lac_13C0",81.082
"LacHyp2_03.CDF","Glucose","1,1,0,0,0,0","48","3","2","40","Lactate","CHEBI:24996","C1-C3","C10H13O3NF7","329",686801,"Lac_13C1",0.268
"LacHyp2_03.CDF","Glucose","1,1,0,0,0,0","48","3","2","40","Lactate","CHEBI:24996","C1-C3","C10H13O3NF7","330",1448361,"Lac_13C2",18.606
"LacHyp2_03.CDF","Glucose","1,1,0,0,0,0","48","3","2","40","Lactate","CHEBI:24996","C1-C3","C10H13O3NF7","331",134706,"Lac_13C3",0.044
"LacHyp3_01.CDF","Glucose","1,1,0,0,0,0","48","1","3","40","Lactate","CHEBI:24996","C1-C3","C10H13O3NF7","327",9107,"",NA
"LacHyp3_01.CDF","Glucose","1,1,0,0,0,0","48","1","3","40","Lactate","CHEBI:24996","C1-C3","C10H13O3NF7","328",363566,"Lac_13C0",81.77
"LacHyp3_01.CDF","Glucose","1,1,0,0,0,0","48","1","3","40","Lactate","CHEBI:24996","C1-C3","C10H13O3NF7","329",43608,"Lac_13C1",0.153
"LacHyp3_01.CDF","Glucose","1,1,0,0,0,0","48","1","3","40","Lactate","CHEBI:24996","C1-C3","C10H13O3NF7","330",93457,"Lac_13C2",18.893
"LacHyp3_01.CDF","Glucose","1,1,0,0,0,0","48","1","3","40","Lactate","CHEBI:24996","C1-C3","C10H13O3NF7","331",4388,"Lac_13C3",-0.816
"LacHyp3_02.CDF","Glucose","1,1,0,0,0,0","48","2","3","40","Lactate","CHEBI:24996","C1-C3","C10H13O3NF7","327",19872,"",NA
"LacHyp3_02.CDF","Glucose","1,1,0,0,0,0","48","2","3","40","Lactate","CHEBI:24996","C1-C3","C10H13O3NF7","328",784950,"Lac_13C0",82.235
"LacHyp3_02.CDF","Glucose","1,1,0,0,0,0","48","2","3","40","Lactate","CHEBI:24996","C1-C3","C10H13O3NF7","329",93866,"Lac_13C1",0.115
"LacHyp3_02.CDF","Glucose","1,1,0,0,0,0","48","2","3","40","Lactate","CHEBI:24996","C1-C3","C10H13O3NF7","330",205189,"Lac_13C2",19.381
"LacHyp3_02.CDF","Glucose","1,1,0,0,0,0","48","2","3","40","Lactate","CHEBI:24996","C1-C3","C10H13O3NF7","331",0,"Lac_13C3",-1.731
"LacNat1_01.CDF","","","","1","1","","Lactate","CHEBI:24996","C1-C3","C10H13O3NF7","327",64602,"",NA
"LacNat1_01.CDF","","","","1","1","","Lactate","CHEBI:24996","C1-C3","C10H13O3NF7","328",2407465,"Lac_13C0",100.017
"LacNat1_01.CDF","","","","1","1","","Lactate","CHEBI:24996","C1-C3","C10H13O3NF7","329",269129,"Lac_13C1",0.006
"LacNat1_01.CDF","","","","1","1","","Lactate","CHEBI:24996","C1-C3","C10H13O3NF7","330",35516,"Lac_13C2",-0.042
"LacNat1_01.CDF","","","","1","1","","Lactate","CHEBI:24996","C1-C3","C10H13O3NF7","331",4464,"Lac_13C3",0.019
"LacNat1_02.CDF","","","","2","1","","Lactate","CHEBI:24996","C1-C3","C10H13O3NF7","327",65253,"",NA
"LacNat1_02.CDF","","","","2","1","","Lactate","CHEBI:24996","C1-C3","C10H13O3NF7","328",2423371,"Lac_13C0",99.983
"LacNat1_02.CDF","","","","2","1","","Lactate","CHEBI:24996","C1-C3","C10H13O3NF7","329",270675,"Lac_13C1",-0.006
"LacNat1_02.CDF","","","","2","1","","Lactate","CHEBI:24996","C1-C3","C10H13O3NF7","330",37803,"Lac_13C2",0.042
"LacNat1_02.CDF","","","","2","1","","Lactate","CHEBI:24996","C1-C3","C10H13O3NF7","331",3660,"Lac_13C3",-0.019
"GluHyp1_01.CDF","Glucose","1,1,0,0,0,0","48","1","1","40","L-Glutamate","CHEBI:29985","C2-C5","C6H7O3NF3","197",15475,"",NA
"GluHyp1_01.CDF","Glucose","1,1,0,0,0,0","48","1","1","40","L-Glutamate","CHEBI:29985","C2-C5","C6H7O3NF3","198",1128384,"Glu_13C0",96.677
"GluHyp1_01.CDF","Glucose","1,1,0,0,0,0","48","1","1","40","L-Glutamate","CHEBI:29985","C2-C5","C6H7O3NF3","199",110886,"Glu_13C1",2.295
"GluHyp1_01.CDF","Glucose","1,1,0,0,0,0","48","1","1","40","L-Glutamate","CHEBI:29985","C2-C5","C6H7O3NF3","200",22658,"Glu_13C2",0.877
"GluHyp1_01.CDF","Glucose","1,1,0,0,0,0","48","1","1","40","L-Glutamate","CHEBI:29985","C2-C5","C6H7O3NF3","201",2283,"Glu_13C3",0.09
"GluHyp1_01.CDF","Glucose","1,1,0,0,0,0","48","1","1","40","L-Glutamate","CHEBI:29985","C2-C5","C6H7O3NF3","202",2714,"Glu_13C4",0.06
"GluHyp1_01.CDF","Glucose","1,1,0,0,0,0","48","1","1","40","L-Glutamate","CHEBI:29985","C2-C5","C6H7O3NF3","203",1278,"",NA
"GluHyp1_02.CDF","Glucose","1,1,0,0,0,0","48","2","1","40","L-Glutamate","CHEBI:29985","C2-C5","C6H7O3NF3","197",5704,"",NA
"GluHyp1_02.CDF","Glucose","1,1,0,0,0,0","48","2","1","40","L-Glutamate","CHEBI:29985","C2-C5","C6H7O3NF3","198",472074,"Glu_13C0",99.034
"GluHyp1_02.CDF","Glucose","1,1,0,0,0,0","48","2","1","40","L-Glutamate","CHEBI:29985","C2-C5","C6H7O3NF3","199",36071,"Glu_13C1",0.26
"GluHyp1_02.CDF","Glucose","1,1,0,0,0,0","48","2","1","40","L-Glutamate","CHEBI:29985","C2-C5","C6H7O3NF3","200",7434,"Glu_13C2",0.618
"GluHyp1_02.CDF","Glucose","1,1,0,0,0,0","48","2","1","40","L-Glutamate","CHEBI:29985","C2-C5","C6H7O3NF3","201",746,"Glu_13C3",0.067
"GluHyp1_02.CDF","Glucose","1,1,0,0,0,0","48","2","1","40","L-Glutamate","CHEBI:29985","C2-C5","C6H7O3NF3","202",901,"Glu_13C4",0.021
"GluHyp1_02.CDF","Glucose","1,1,0,0,0,0","48","2","1","40","L-Glutamate","CHEBI:29985","C2-C5","C6H7O3NF3","203",552,"",NA
"GluHyp1_03.CDF","Glucose","1,1,0,0,0,0","48","3","1","40","L-Glutamate","CHEBI:29985","C2-C5","C6H7O3NF3","197",5814,"",NA
"GluHyp1_03.CDF","Glucose","1,1,0,0,0,0","48","3","1","40","L-Glutamate","CHEBI:29985","C2-C5","C6H7O3NF3","198",469219,"Glu_13C0",99.037
"GluHyp1_03.CDF","Glucose","1,1,0,0,0,0","48","3","1","40","L-Glutamate","CHEBI:29985","C2-C5","C6H7O3NF3","199",35839,"Glu_13C1",0.257
"GluHyp1_03.CDF","Glucose","1,1,0,0,0,0","48","3","1","40","L-Glutamate","CHEBI:29985","C2-C5","C6H7O3NF3","200",7373,"Glu_13C2",0.615
"GluHyp1_03.CDF","Glucose","1,1,0,0,0,0","48","3","1","40","L-Glutamate","CHEBI:29985","C2-C5","C6H7O3NF3","201",750,"Glu_13C3",0.069
"GluHyp1_03.CDF","Glucose","1,1,0,0,0,0","48","3","1","40","L-Glutamate","CHEBI:29985","C2-C5","C6H7O3NF3","202",900,"Glu_13C4",0.022
"GluHyp1_03.CDF","Glucose","1,1,0,0,0,0","48","3","1","40","L-Glutamate","CHEBI:29985","C2-C5","C6H7O3NF3","203",514,"",NA
"GluHyp2_01.CDF","Glucose","1,1,0,0,0,0","48","1","2","40","L-Glutamate","CHEBI:29985","C2-C5","C6H7O3NF3","197",5558,"",NA
"GluHyp2_01.CDF","Glucose","1,1,0,0,0,0","48","1","2","40","L-Glutamate","CHEBI:29985","C2-C5","C6H7O3NF3","198",433440,"Glu_13C0",99.062
"GluHyp2_01.CDF","Glucose","1,1,0,0,0,0","48","1","2","40","L-Glutamate","CHEBI:29985","C2-C5","C6H7O3NF3","199",33099,"Glu_13C1",0.256
"GluHyp2_01.CDF","Glucose","1,1,0,0,0,0","48","1","2","40","L-Glutamate","CHEBI:29985","C2-C5","C6H7O3NF3","200",6714,"Glu_13C2",0.594
"GluHyp2_01.CDF","Glucose","1,1,0,0,0,0","48","1","2","40","L-Glutamate","CHEBI:29985","C2-C5","C6H7O3NF3","201",674,"Glu_13C3",0.066
"GluHyp2_01.CDF","Glucose","1,1,0,0,0,0","48","1","2","40","L-Glutamate","CHEBI:29985","C2-C5","C6H7O3NF3","202",834,"Glu_13C4",0.023
"GluHyp2_01.CDF","Glucose","1,1,0,0,0,0","48","1","2","40","L-Glutamate","CHEBI:29985","C2-C5","C6H7O3NF3","203",578,"",NA
"GluHyp2_02.CDF","Glucose","1,1,0,0,0,0","48","2","2","40","L-Glutamate","CHEBI:29985","C2-C5","C6H7O3NF3","197",5535,"",NA
"GluHyp2_02.CDF","Glucose","1,1,0,0,0,0","48","2","2","40","L-Glutamate","CHEBI:29985","C2-C5","C6H7O3NF3","198",421641,"Glu_13C0",99.068
"GluHyp2_02.CDF","Glucose","1,1,0,0,0,0","48","2","2","40","L-Glutamate","CHEBI:29985","C2-C5","C6H7O3NF3","199",32170,"Glu_13C1",0.25
"GluHyp2_02.CDF","Glucose","1,1,0,0,0,0","48","2","2","40","L-Glutamate","CHEBI:29985","C2-C5","C6H7O3NF3","200",6536,"Glu_13C2",0.595
"GluHyp2_02.CDF","Glucose","1,1,0,0,0,0","48","2","2","40","L-Glutamate","CHEBI:29985","C2-C5","C6H7O3NF3","201",656,"Glu_13C3",0.066
"GluHyp2_02.CDF","Glucose","1,1,0,0,0,0","48","2","2","40","L-Glutamate","CHEBI:29985","C2-C5","C6H7O3NF3","202",804,"Glu_13C4",0.021
"GluHyp2_02.CDF","Glucose","1,1,0,0,0,0","48","2","2","40","L-Glutamate","CHEBI:29985","C2-C5","C6H7O3NF3","203",585,"",NA
"GluHyp2_03.CDF","Glucose","1,1,0,0,0,0","48","3","2","40","L-Glutamate","CHEBI:29985","C2-C5","C6H7O3NF3","197",6791,"",NA
"GluHyp2_03.CDF","Glucose","1,1,0,0,0,0","48","3","2","40","L-Glutamate","CHEBI:29985","C2-C5","C6H7O3NF3","198",561036,"Glu_13C0",99.082
"GluHyp2_03.CDF","Glucose","1,1,0,0,0,0","48","3","2","40","L-Glutamate","CHEBI:29985","C2-C5","C6H7O3NF3","199",42759,"Glu_13C1",0.242
"GluHyp2_03.CDF","Glucose","1,1,0,0,0,0","48","3","2","40","L-Glutamate","CHEBI:29985","C2-C5","C6H7O3NF3","200",8667,"Glu_13C2",0.591
"GluHyp2_03.CDF","Glucose","1,1,0,0,0,0","48","3","2","40","L-Glutamate","CHEBI:29985","C2-C5","C6H7O3NF3","201",871,"Glu_13C3",0.066
"GluHyp2_03.CDF","Glucose","1,1,0,0,0,0","48","3","2","40","L-Glutamate","CHEBI:29985","C2-C5","C6H7O3NF3","202",1061,"Glu_13C4",0.02
"GluHyp2_03.CDF","Glucose","1,1,0,0,0,0","48","3","2","40","L-Glutamate","CHEBI:29985","C2-C5","C6H7O3NF3","203",653,"",NA
"GluHyp3_01.CDF","Glucose","1,1,0,0,0,0","48","1","3","40","L-Glutamate","CHEBI:29985","C2-C5","C6H7O3NF3","197",3333,"",NA
"GluHyp3_01.CDF","Glucose","1,1,0,0,0,0","48","1","3","40","L-Glutamate","CHEBI:29985","C2-C5","C6H7O3NF3","198",407706,"Glu_13C0",99.141
"GluHyp3_01.CDF","Glucose","1,1,0,0,0,0","48","1","3","40","L-Glutamate","CHEBI:29985","C2-C5","C6H7O3NF3","199",30935,"Glu_13C1",0.21
"GluHyp3_01.CDF","Glucose","1,1,0,0,0,0","48","1","3","40","L-Glutamate","CHEBI:29985","C2-C5","C6H7O3NF3","200",6120,"Glu_13C2",0.551
"GluHyp3_01.CDF","Glucose","1,1,0,0,0,0","48","1","3","40","L-Glutamate","CHEBI:29985","C2-C5","C6H7O3NF3","201",614,"Glu_13C3",0.063
"GluHyp3_01.CDF","Glucose","1,1,0,0,0,0","48","1","3","40","L-Glutamate","CHEBI:29985","C2-C5","C6H7O3NF3","202",838,"Glu_13C4",0.034
"GluHyp3_01.CDF","Glucose","1,1,0,0,0,0","48","1","3","40","L-Glutamate","CHEBI:29985","C2-C5","C6H7O3NF3","203",715,"",NA
"GluHyp3_02.CDF","Glucose","1,1,0,0,0,0","48","2","3","40","L-Glutamate","CHEBI:29985","C2-C5","C6H7O3NF3","197",2718,"",NA
"GluHyp3_02.CDF","Glucose","1,1,0,0,0,0","48","2","3","40","L-Glutamate","CHEBI:29985","C2-C5","C6H7O3NF3","198",337411,"Glu_13C0",99.105
"GluHyp3_02.CDF","Glucose","1,1,0,0,0,0","48","2","3","40","L-Glutamate","CHEBI:29985","C2-C5","C6H7O3NF3","199",25725,"Glu_13C1",0.245
"GluHyp3_02.CDF","Glucose","1,1,0,0,0,0","48","2","3","40","L-Glutamate","CHEBI:29985","C2-C5","C6H7O3NF3","200",5086,"Glu_13C2",0.555
"GluHyp3_02.CDF","Glucose","1,1,0,0,0,0","48","2","3","40","L-Glutamate","CHEBI:29985","C2-C5","C6H7O3NF3","201",499,"Glu_13C3",0.06
"GluHyp3_02.CDF","Glucose","1,1,0,0,0,0","48","2","3","40","L-Glutamate","CHEBI:29985","C2-C5","C6H7O3NF3","202",691,"Glu_13C4",0.034
"GluHyp3_02.CDF","Glucose","1,1,0,0,0,0","48","2","3","40","L-Glutamate","CHEBI:29985","C2-C5","C6H7O3NF3","203",497,"",NA
"GluHyp3_03.CDF","Glucose","1,1,0,0,0,0","48","3","3","40","L-Glutamate","CHEBI:29985","C2-C5","C6H7O3NF3","197",3456,"",NA
"GluHyp3_03.CDF","Glucose","1,1,0,0,0,0","48","3","3","40","L-Glutamate","CHEBI:29985","C2-C5","C6H7O3NF3","198",430150,"Glu_13C0",99.128
"GluHyp3_03.CDF","Glucose","1,1,0,0,0,0","48","3","3","40","L-Glutamate","CHEBI:29985","C2-C5","C6H7O3NF3","199",32691,"Glu_13C1",0.222
"GluHyp3_03.CDF","Glucose","1,1,0,0,0,0","48","3","3","40","L-Glutamate","CHEBI:29985","C2-C5","C6H7O3NF3","200",6473,"Glu_13C2",0.554
"GluHyp3_03.CDF","Glucose","1,1,0,0,0,0","48","3","3","40","L-Glutamate","CHEBI:29985","C2-C5","C6H7O3NF3","201",641,"Glu_13C3",0.061
"GluHyp3_03.CDF","Glucose","1,1,0,0,0,0","48","3","3","40","L-Glutamate","CHEBI:29985","C2-C5","C6H7O3NF3","202",880,"Glu_13C4",0.034
"GluHyp3_03.CDF","Glucose","1,1,0,0,0,0","48","3","3","40","L-Glutamate","CHEBI:29985","C2-C5","C6H7O3NF3","203",655,"",NA
"GluNat1_01.CDF","","","","1","1","","L-Glutamate","CHEBI:29985","C2-C5","C6H7O3NF3","197",2039,"",NA
"GluNat1_01.CDF","","","","1","1","","L-Glutamate","CHEBI:29985","C2-C5","C6H7O3NF3","198",196294,"Glu_13C0",100.02
"GluNat1_01.CDF","","","","1","1","","L-Glutamate","CHEBI:29985","C2-C5","C6H7O3NF3","199",14398,"Glu_13C1",-0.022
"GluNat1_01.CDF","","","","1","1","","L-Glutamate","CHEBI:29985","C2-C5","C6H7O3NF3","200",1772,"Glu_13C2",-0.001
"GluNat1_01.CDF","","","","1","1","","L-Glutamate","CHEBI:29985","C2-C5","C6H7O3NF3","201",114,"Glu_13C3",0.001
"GluNat1_01.CDF","","","","1","1","","L-Glutamate","CHEBI:29985","C2-C5","C6H7O3NF3","202",323,"Glu_13C4",0.001
"GluNat1_01.CDF","","","","1","1","","L-Glutamate","CHEBI:29985","C2-C5","C6H7O3NF3","203",280,"",NA
"GluNat1_02.CDF","","","","2","1","","L-Glutamate","CHEBI:29985","C2-C5","C6H7O3NF3","197",3722,"",NA
"GluNat1_02.CDF","","","","2","1","","L-Glutamate","CHEBI:29985","C2-C5","C6H7O3NF3","198",362166,"Glu_13C0",99.993
"GluNat1_02.CDF","","","","2","1","","L-Glutamate","CHEBI:29985","C2-C5","C6H7O3NF3","199",26681,"Glu_13C1",0.009
"GluNat1_02.CDF","","","","2","1","","L-Glutamate","CHEBI:29985","C2-C5","C6H7O3NF3","200",3272,"Glu_13C2",-0.002
"GluNat1_02.CDF","","","","2","1","","L-Glutamate","CHEBI:29985","C2-C5","C6H7O3NF3","201",205,"Glu_13C3",0
"GluNat1_02.CDF","","","","2","1","","L-Glutamate","CHEBI:29985","C2-C5","C6H7O3NF3","202",592,"Glu_13C4",0
"GluNat1_02.CDF","","","","2","1","","L-Glutamate","CHEBI:29985","C2-C5","C6H7O3NF3","203",480,"",NA
"GluNat1_03.CDF","","","","3","1","","L-Glutamate","CHEBI:29985","C2-C5","C6H7O3NF3","197",4406,"",NA
"GluNat1_03.CDF","","","","3","1","","L-Glutamate","CHEBI:29985","C2-C5","C6H7O3NF3","198",433705,"Glu_13C0",99.997
"GluNat1_03.CDF","","","","3","1","","L-Glutamate","CHEBI:29985","C2-C5","C6H7O3NF3","199",31919,"Glu_13C1",0.002
"GluNat1_03.CDF","","","","3","1","","L-Glutamate","CHEBI:29985","C2-C5","C6H7O3NF3","200",3933,"Glu_13C2",0.002
"GluNat1_03.CDF","","","","3","1","","L-Glutamate","CHEBI:29985","C2-C5","C6H7O3NF3","201",246,"Glu_13C3",0
"GluNat1_03.CDF","","","","3","1","","L-Glutamate","CHEBI:29985","C2-C5","C6H7O3NF3","202",706,"Glu_13C4",0
"GluNat1_03.CDF","","","","3","1","","L-Glutamate","CHEBI:29985","C2-C5","C6H7O3NF3","203",548,"",0
